{"0.8246608051429947":{"user_id":2},"0.09573615857832696":{"user_id":2},"0.5392421789391693":{"user_id":2},"0.9501408768031787":{"user_id":2},"0.04958782099787551":{"user_id":2},"0.6568246309460191":{"user_id":2},"0.6257134065174204":{"user_id":2},"0.9857539158131419":{"user_id":2}}